user_no,alcohol_no,score
83,151,2
22,4,3
96,455,2
82,398,5
59,644,2
73,556,5
38,740,4
17,269,1
51,483,4
100,538,2
5,145,2
13,463,4
35,360,3
81,354,3
95,155,1
68,205,2
13,136,4
30,380,2
90,375,3
81,379,2
92,702,4
58,244,5
33,264,5
56,788,3
95,111,2
19,523,1
91,193,2
14,472,3
56,256,3
88,308,2
72,669,1
25,526,2
67,659,4
47,159,4
45,503,1
88,606,2
37,590,3
92,513,1
50,60,3
42,598,2
70,166,1
85,724,4
9,179,3
13,67,4
63,505,1
28,408,4
30,230,5
73,157,3
97,117,5
49,394,3
16,414,2
15,75,4
32,2,1
37,169,4
77,710,5
21,237,3
83,709,5
29,269,4
52,485,1
32,184,3
28,640,4
42,580,3
99,776,1
9,796,1
12,54,5
50,198,2
37,563,2
22,211,4
58,444,1
14,500,1
62,778,4
78,611,2
54,488,1
53,227,3
54,6,1
55,166,1
97,231,3
80,306,3
25,600,5
4,256,1
91,662,1
14,525,2
86,716,2
16,552,3
42,590,1
9,593,5
57,487,1
78,559,5
91,722,3
39,72,1
15,364,2
70,753,4
24,350,4
27,170,2
31,45,4
92,408,2
40,451,2
88,255,5
10,789,3
42,689,1
21,327,3
30,786,5
12,251,2
16,374,1
39,358,5
30,351,1
22,651,1
23,644,4
75,238,1
1,455,1
69,633,5
85,338,1
40,497,3
28,314,2
37,470,3
11,11,4
8,217,1
57,137,2
94,104,5
9,400,2
47,140,5
7,684,2
79,13,5
35,735,3
75,60,5
70,409,5
7,456,1
71,92,5
43,769,1
54,93,4
46,438,3
27,490,1
21,793,5
44,403,1
64,431,5
4,764,2
96,566,1
41,760,4
26,430,4
43,306,1
23,471,2
46,195,4
12,751,1
32,108,5
59,227,2
95,286,4
38,757,4
46,806,1
15,490,3
15,18,5
62,367,3
32,208,1
64,599,5
38,681,4
75,423,4
98,77,3
53,218,3
99,286,4
56,666,3
50,762,4
90,287,3
67,451,3
56,68,2
30,781,1
65,665,3
5,224,2
63,729,4
70,72,2
40,742,5
62,273,4
19,227,5
85,450,2
67,221,1
43,327,1
27,788,1
35,18,1
56,762,5
34,571,5
1,4,1
47,373,4
71,382,1
7,381,1
45,582,4
50,146,1
71,421,3
51,174,3
80,316,1
10,160,5
2,44,5
42,277,1
64,514,5
32,59,2
63,793,3
5,559,3
7,734,3
50,106,4
1,716,4
56,609,5
9,754,5
79,466,3
71,540,2
4,267,2
16,112,1
96,591,3
80,45,2
98,204,4
87,152,3
65,734,3
73,316,3
15,539,5
10,123,1
11,98,3
56,417,3
16,54,3
29,185,3
8,618,2
54,337,3
73,697,5
62,517,5
51,25,5
88,753,1
46,752,5
65,80,2
44,383,4
8,60,3
44,691,3
68,141,4
35,525,5
82,300,2
12,56,2
50,25,3
7,161,4
35,224,2
14,235,4
49,190,2
53,10,4
43,662,2
33,659,2
15,617,2
56,393,2
18,483,4
85,247,4
18,760,3
93,677,3
64,605,4
10,542,4
90,570,2
43,578,3
54,541,1
38,453,4
95,471,1
81,42,4
19,123,3
65,571,1
81,557,4
20,207,4
41,36,4
80,89,5
2,299,3
50,261,3
60,628,5
14,498,2
49,304,3
16,291,4
7,647,1
43,791,2
51,35,4
40,330,2
40,434,1
91,695,1
53,444,3
54,108,2
21,426,3
62,472,5
64,190,3
46,101,4
34,198,3
33,543,5
33,674,4
4,71,1
11,372,5
67,247,3
6,599,2
58,147,1
6,153,2
79,720,1
80,488,3
52,85,1
24,732,5
51,724,1
96,58,5
47,244,4
87,190,1
54,714,5
43,74,2
47,700,2
19,205,5
22,433,2
3,750,3
73,218,5
64,314,5
59,12,2
9,794,4
31,23,2
11,127,5
4,531,1
32,453,4
42,701,2
7,59,2
53,344,5
66,15,2
71,558,5
96,605,3
67,748,2
55,26,3
32,698,3
83,421,5
2,93,1
19,268,3
46,14,3
20,747,4
82,779,5
57,737,5
49,382,2
33,45,2
23,421,3
26,498,1
49,772,3
88,56,1
31,561,5
74,778,3
4,775,2
14,117,4
53,126,1
86,254,5
17,382,1
19,618,2
32,332,2
70,586,1
22,287,1
24,401,5
21,771,2
78,321,4
92,611,5
86,307,3
51,762,3
66,147,1
6,304,4
73,501,2
100,335,1
33,397,5
86,207,1
4,429,2
6,434,1
22,680,2
27,60,4
64,455,1
73,537,2
11,296,4
94,458,5
60,674,1
93,230,1
39,773,1
23,649,5
92,640,2
32,44,2
93,45,1
75,402,5
80,382,1
87,207,3
11,554,4
11,401,5
77,337,3
97,732,3
6,107,3
9,663,3
100,345,5
94,542,3
82,335,2
53,305,4
97,172,4
32,415,3
67,741,4
86,461,1
71,387,5
64,585,3
53,484,3
35,459,4
78,127,4
82,419,5
91,502,3
92,709,4
16,216,1
84,762,5
58,628,2
36,208,3
54,342,4
63,208,5
2,558,3
96,557,4
23,20,5
10,143,2
8,527,3
14,274,2
25,48,2
87,602,1
55,736,2
57,721,1
45,644,2
25,464,5
62,306,5
18,592,1
42,631,5
89,260,5
46,800,2
96,537,4
35,212,4
3,166,5
85,370,4
12,622,3
26,503,4
99,138,1
66,544,1
9,64,3
28,342,1
36,96,5
92,719,1
85,286,1
92,285,3
80,185,2
37,518,5
20,237,5
78,665,3
56,15,5
96,372,4
44,649,1
28,739,4
4,166,2
35,588,2
90,688,4
80,60,5
37,709,1
97,252,5
48,458,3
56,264,5
63,567,3
69,176,1
29,731,1
50,622,1
91,107,2
99,177,3
29,170,5
70,576,3
22,547,2
96,180,3
99,322,1
40,149,1
67,223,3
27,138,4
87,312,4
41,412,1
58,594,3
82,373,1
77,439,1
13,186,4
20,30,4
80,148,5
64,556,2
17,765,5
55,801,3
27,728,3
30,83,1
10,496,5
31,341,5
57,389,2
47,461,5
69,290,4
43,391,4
36,54,2
27,239,3
65,168,4
68,250,2
27,359,4
38,614,2
56,769,1
96,309,3
83,17,5
74,316,5
71,788,3
26,324,5
31,760,2
1,675,4
11,49,3
25,392,4
12,248,4
61,212,3
97,63,3
4,556,4
48,801,1
78,12,2
53,591,3
77,277,4
47,381,4
100,732,2
81,617,5
57,688,2
54,458,4
38,135,4
29,585,5
91,44,3
33,552,4
90,195,3
16,492,3
73,765,2
66,411,3
16,574,1
35,399,4
69,621,3
86,367,1
46,602,5
82,581,3
39,237,5
22,457,4
50,233,4
91,12,2
59,513,1
20,562,2
85,382,1
94,549,1
8,229,2
61,5,3
70,463,1
53,141,2
6,63,5
58,304,2
22,131,5
19,438,4
52,17,5
47,253,2
19,256,3
77,180,2
96,59,1
8,193,2
55,517,3
65,436,4
19,709,4
94,421,2
77,736,5
67,214,2
46,497,4
50,145,5
13,551,2
56,499,1
93,200,1
19,587,1
1,665,1
90,138,3
82,491,4
26,672,3
73,205,3
51,21,5
10,707,2
63,503,5
16,512,3
57,16,3
50,170,2
20,129,2
58,65,5
55,307,1
72,458,3
60,328,1
68,228,3
28,788,1
55,125,2
56,694,2
62,540,3
30,5,2
20,2,3
2,518,4
52,241,5
14,638,3
58,448,3
8,145,2
47,158,2
90,343,5
51,41,4
9,438,5
18,622,2
20,85,5
92,500,4
4,130,5
53,595,3
40,309,1
66,636,2
2,719,1
93,568,2
58,796,3
35,8,2
2,288,1
23,192,3
84,452,1
97,317,1
23,56,2
98,583,2
99,335,3
81,504,1
53,72,4
24,633,3
92,287,5
71,272,3
90,711,4
85,328,2
50,620,1
85,716,5
91,475,1
3,83,1
9,308,1
92,462,3
65,123,4
27,568,5
47,454,5
89,645,3
96,477,2
33,273,1
18,468,3
48,498,2
93,226,3
39,156,4
9,786,5
25,282,4
58,183,1
24,422,4
24,80,5
92,583,2
29,188,4
99,114,2
5,735,1
76,44,4
98,226,2
100,258,3
1,248,2
35,443,3
52,533,1
20,528,5
19,522,2
37,554,4
42,133,2
75,739,3
19,502,1
59,26,3
51,94,5
69,283,4
9,244,2
93,406,2
59,141,4
84,148,3
53,13,5
41,278,5
25,451,4
49,269,5
5,545,3
31,404,5
100,696,1
41,363,1
30,294,3
30,131,3
29,501,5
83,347,4
99,161,2
26,424,3
1,503,4
80,23,5
47,504,2
52,267,5
68,768,2
99,44,3
83,219,1
36,643,4
33,646,3
74,240,1
64,557,4
28,213,1
92,368,5
69,549,2
33,379,2
41,731,1
58,498,1
92,502,1
1,649,3
19,246,4
71,186,1
90,201,2
34,669,3
39,667,1
40,112,4
22,596,5
97,46,5
5,412,4
83,431,2
35,653,4
5,415,4
22,805,3
100,377,1
50,99,4
75,200,5
83,599,1
55,626,4
92,151,2
56,179,3
50,801,1
6,645,1
28,305,1
65,443,5
33,56,1
27,136,5
85,691,2
16,127,3
20,20,1
56,601,3
76,392,4
7,553,2
34,78,3
31,453,1
16,277,2
48,369,1
11,197,2
17,144,2
63,34,2
54,641,2
62,592,5
36,376,5
93,721,2
31,693,2
64,711,3
82,191,3
57,705,3
5,338,1
59,51,2
16,394,4
92,372,1
100,540,5
54,473,1
80,259,2
43,566,4
70,224,3
25,231,5
52,548,3
44,201,5
47,269,5
7,434,4
47,180,3
37,573,1
98,623,5
81,768,3
97,423,1
77,294,5
30,126,3
42,127,1
24,588,3
18,168,3
11,300,4
6,755,5
57,460,5
51,256,1
55,783,5
28,411,2
23,264,1
31,591,5
24,268,4
58,678,3
79,745,4
63,326,3
9,661,1
6,584,4
78,700,2
69,225,3
50,321,3
28,667,4
41,92,4
18,200,1
70,742,5
14,10,4
92,249,2
19,425,5
17,359,5
82,27,3
83,33,5
93,806,1
13,408,4
95,96,3
14,711,3
22,172,5
40,159,5
90,64,4
39,26,3
31,793,1
2,245,4
100,233,3
40,262,2
2,43,2
42,396,2
54,264,4
40,166,5
49,648,2
23,588,1
5,67,3
4,15,4
50,682,4
92,582,3
81,719,5
6,531,2
51,137,2
6,67,5
100,493,5
97,119,4
67,532,4
27,343,5
59,462,3
52,164,2
64,791,3
40,242,3
32,39,3
49,210,2
10,201,3
71,124,2
37,157,4
65,517,2
55,341,4
72,54,3
96,371,5
54,666,4
97,69,5
45,69,5
13,32,4
42,662,2
95,79,2
59,273,4
8,276,2
15,531,4
86,25,3
82,281,5
62,776,5
97,376,1
22,458,1
42,306,1
3,261,2
83,762,5
20,624,2
73,63,5
21,790,5
55,94,3
49,157,5
45,258,1
71,711,2
7,126,3
29,732,2
29,318,5
9,652,4
90,503,5
4,157,3
83,5,5
1,483,4
75,174,1
89,492,4
56,470,2
10,768,4
92,602,2
77,737,3
32,375,1
12,15,3
61,291,2
19,614,4
67,147,4
96,241,2
92,626,3
100,524,1
16,155,2
70,114,2
21,617,1
2,129,5
23,445,3
45,494,2
39,98,3
29,213,5
78,77,4
31,381,5
86,93,4
17,665,4
77,93,4
63,451,5
69,654,4
47,10,4
31,364,3
48,597,2
86,575,2
60,40,5
19,418,2
24,597,1
48,733,5
29,508,2
7,211,1
28,376,2
52,219,4
32,627,2
10,537,4
77,173,2
31,377,4
75,172,3
46,236,2
50,208,3
84,210,5
49,448,4
72,236,2
8,726,3
86,38,4
43,626,5
3,382,3
27,9,1
20,514,1
52,300,4
48,242,3
50,353,5
31,63,5
17,559,4
93,133,2
19,365,1
92,530,2
74,523,5
38,688,2
68,462,5
83,296,4
82,689,1
78,734,4
53,552,1
65,589,2
71,685,2
95,420,4
72,290,5
28,287,2
15,537,3
27,478,4
96,553,1
10,432,3
41,366,3
57,789,4
32,586,1
73,764,4
40,201,2
92,102,5
93,726,5
47,668,2
72,237,4
40,32,3
6,184,1
36,794,2
89,368,1
77,65,1
68,316,1
49,548,2
90,372,4
7,30,4
9,801,2
65,584,4
67,457,5
7,714,2
42,157,4
22,62,4
15,259,3
10,662,1
70,181,3
24,704,5
22,625,5
28,409,1
70,656,4
39,81,3
59,254,1
57,726,3
70,596,3
65,22,3
60,673,5
90,596,3
27,32,1
67,121,5
55,480,1
84,391,4
1,332,4
87,482,5
10,378,5
96,414,4
23,407,3
11,725,4
9,372,4
63,422,1
70,437,5
5,333,5
91,684,5
90,535,5
18,775,1
17,549,2
3,457,3
44,273,1
91,411,4
17,170,2
60,301,4
49,86,2
64,363,5
94,582,4
36,219,2
91,374,4
64,159,2
80,86,1
79,426,5
23,328,3
52,740,3
37,581,3
15,127,2
19,626,3
71,25,3
32,537,4
66,692,4
73,724,5
1,290,5
3,474,1
81,638,2
12,794,4
72,386,2
45,794,5
64,40,1
42,69,1
5,191,1
42,364,1
27,312,5
36,90,2
1,489,1
86,479,2
38,468,1
62,485,3
97,607,5
61,469,5
19,604,1
93,374,2
86,539,5
46,337,2
68,131,2
64,707,4
68,648,2
69,43,5
10,232,4
7,706,1
48,691,3
21,343,5
48,269,3
79,784,4
93,274,4
95,267,2
93,95,1
21,226,5
72,413,3
44,647,3
51,704,2
38,182,3
89,67,1
81,259,4
36,409,3
31,742,3
44,312,4
82,634,5
4,742,4
8,525,5
7,641,4
74,466,4
92,164,2
11,596,4
73,649,1
75,412,2
45,761,1
13,218,4
99,473,5
75,552,4
82,319,1
5,601,3
50,625,3
98,389,4
27,634,1
1,750,3
96,34,4
1,279,5
21,338,5
69,334,3
51,437,5
38,521,3
21,236,1
42,308,4
87,435,1
32,765,3
67,366,1
74,198,3
76,354,1
70,169,4
1,748,5
22,140,4
23,698,4
10,595,3
7,307,1
17,175,2
28,300,3
50,191,4
6,542,5
83,131,1
64,346,2
64,98,5
69,704,2
55,410,2
55,82,4
18,552,1
59,680,1
77,115,3
25,683,3
97,645,1
75,382,3
71,422,1
36,552,5
55,711,2
3,288,5
70,441,4
29,800,1
50,244,2
19,228,5
68,633,2
36,123,4
95,536,5
51,591,5
10,21,2
42,777,3
6,381,2
75,94,5
96,269,3
61,109,5
66,793,1
43,645,5
95,64,1
96,250,3
45,333,3
77,791,1
40,397,3
59,419,4
34,133,5
7,391,5
88,743,1
58,282,3
64,590,3
19,381,4
44,352,4
97,483,3
81,128,2
32,360,4
1,701,2
83,712,1
22,641,5
85,73,5
25,549,2
42,366,2
88,125,2
48,216,5
9,213,4
75,414,1
33,199,3
10,734,1
100,356,2
75,323,1
92,597,2
93,517,5
76,746,4
25,280,4
29,520,5
54,576,4
42,390,4
98,763,2
78,3,2
10,216,1
15,295,2
38,69,1
78,179,4
49,732,3
60,264,1
26,680,2
37,232,1
35,350,2
77,203,2
73,636,1
70,78,5
64,727,4
10,147,4
37,403,5
74,368,4
16,694,4
33,660,2
20,42,4
81,37,1
44,510,1
24,130,1
29,368,3
73,415,3
47,594,4
82,566,3
64,405,3
85,352,2
57,207,4
66,503,1
75,148,5
70,152,2
43,800,5
77,374,3
39,664,4
95,418,4
7,101,2
9,670,2
36,37,4
4,9,2
22,441,3
83,263,5
76,555,3
30,313,2
1,487,5
98,44,3
80,703,5
23,100,5
82,146,1
60,113,4
63,543,1
22,378,5
81,526,4
88,537,5
90,758,4
14,424,4
6,249,5
9,334,5
48,91,4
81,584,1
85,497,2
77,279,1
70,271,2
75,621,1
50,593,2
74,341,4
5,118,1
8,406,5
90,686,5
78,354,4
22,200,4
92,788,1
54,432,1
54,779,2
94,341,1
82,276,3
52,64,4
62,616,3
67,341,4
52,211,1
54,100,1
67,321,5
13,356,4
50,426,1
71,587,3
31,365,3
6,73,3
47,355,5
44,490,5
22,135,3
21,116,4
2,334,4
87,198,2
94,520,5
89,652,1
78,168,2
14,172,2
100,287,1
91,514,3
56,448,5
65,322,5
30,209,1
12,730,4
54,138,1
91,195,4
28,619,5
42,373,2
76,656,4
88,152,5
15,548,5
19,459,1
58,484,5
82,667,3
88,336,3
9,182,4
90,625,2
49,81,2
89,114,1
63,693,5
38,766,4
53,801,5
17,653,4
86,796,4
100,163,4
92,753,2
53,663,1
98,538,5
93,381,3
8,702,4
55,538,3
75,97,1
76,368,4
96,559,3
23,737,2
27,746,3
89,407,3
43,159,1
79,778,2
42,421,1
91,94,4
77,228,1
75,151,5
48,515,3
80,223,2
72,368,4
6,384,4
71,320,3
68,188,1
25,796,2
64,666,1
6,244,2
71,213,3
40,126,1
75,806,4
32,798,2
42,447,5
15,192,1
95,568,1
75,708,3
4,49,5
91,39,3
41,339,1
62,319,5
81,250,4
76,603,5
97,30,1
13,753,4
80,542,4
83,559,2
10,200,1
51,419,2
60,782,2
16,363,2
94,625,1
44,624,1
28,214,2
26,725,4
79,336,4
11,91,1
7,725,4
33,227,3
52,797,3
74,224,4
40,148,5
32,640,4
14,716,5
64,123,5
36,23,5
22,311,4
29,8,4
66,521,4
82,590,3
44,31,5
37,373,1
36,221,3
16,355,2
12,661,2
48,738,3
88,644,1
91,491,3
5,805,5
15,68,3
17,414,2
39,97,4
3,540,3
53,606,1
12,528,1
87,355,5
92,144,1
68,402,4
9,385,4
90,215,5
81,124,1
98,28,4
76,567,1
4,543,4
28,80,3
87,462,5
14,368,5
56,553,1
65,226,4
84,213,1
1,193,1
96,426,3
21,126,2
88,30,5
26,211,5
21,554,5
76,468,3
15,139,1
44,754,3
56,516,3
43,312,5
38,235,2
59,17,1
76,378,3
86,734,4
99,439,2
84,512,4
100,314,1
96,759,2
87,481,2
43,577,2
64,65,1
10,192,2
34,122,5
79,691,1
34,628,5
69,230,3
86,780,4
36,628,4
68,526,4
100,682,1
47,738,4
31,220,4
66,5,2
54,470,3
56,257,1
69,121,3
75,235,5
51,517,1
54,726,5
58,102,2
16,702,3
36,415,1
40,703,2
29,309,1
19,173,3
56,759,1
71,96,2
23,587,4
89,422,4
17,655,5
49,753,4
5,744,4
19,627,1
17,259,3
91,420,3
79,605,3
85,698,5
45,511,5
75,207,4
49,602,3
30,317,4
99,652,5
55,781,2
61,471,1
50,221,1
20,229,2
38,208,3
100,313,1
84,502,5
60,791,4
35,334,2
95,5,5
86,752,3
23,621,3
92,280,5
17,168,5
49,447,5
83,591,5
3,63,2
40,194,2
1,443,5
75,460,5
95,84,5
8,343,4
36,50,5
40,103,5
54,495,3
91,258,2
82,746,1
36,485,4
75,450,5
41,411,4
54,375,3
93,136,5
96,574,1
88,229,1
63,508,4
6,202,1
65,288,4
100,302,3
91,531,2
77,142,2
78,47,1
28,341,1
97,348,3
15,603,4
84,312,1
55,27,2
10,475,2
23,83,5
35,58,1
76,109,1
14,183,4
28,232,1
10,185,3
53,669,4
12,573,1
19,162,2
30,672,5
72,87,4
33,593,5
82,712,1
73,387,1
68,453,5
32,216,3
62,528,2
97,716,2
89,623,1
99,329,4
96,220,4
35,213,4
55,58,5
26,432,2
36,91,2
35,682,2
91,202,4
48,265,3
37,279,1
69,375,2
71,123,1
62,295,5
100,182,2
39,762,5
35,185,4
43,55,2
24,727,4
51,395,1
7,676,1
9,534,5
34,496,4
99,25,4
23,409,3
10,594,2
95,594,1
21,499,5
11,340,5
61,516,1
22,722,3
66,482,4
45,99,1
71,592,4
13,262,4
60,181,4
47,616,1
29,796,2
32,531,4
54,671,1
26,253,4
17,742,2
36,515,3
4,349,3
1,613,1
63,240,5
67,449,4
33,598,5
75,163,2
77,684,5
38,13,1
44,803,3
28,303,3
85,711,4
89,360,1
10,554,4
18,623,1
3,756,3
31,454,5
3,789,5
88,227,1
67,230,1
93,277,5
81,154,4
5,402,2
86,410,3
19,195,1
9,391,3
85,190,4
64,430,2
71,278,1
30,263,1
49,145,2
82,216,5
53,554,5
30,705,1
81,598,2
84,358,2
17,78,4
10,62,4
78,552,5
23,7,2
56,674,3
62,368,3
20,433,2
77,316,1
80,448,5
92,416,5
5,148,3
94,48,2
25,599,5
92,179,4
65,190,2
70,31,1
46,779,3
98,201,3
25,794,1
8,412,1
41,546,1
80,444,1
86,636,4
61,136,4
22,182,2
13,266,5
83,570,2
25,571,3
49,58,5
54,560,3
20,90,5
60,640,1
38,687,4
9,75,2
99,609,1
22,646,1
79,83,1
37,117,2
76,390,5
55,725,1
62,760,4
9,510,4
31,306,4
67,769,5
83,167,5
23,501,4
70,394,5
19,667,5
61,698,3
25,620,3
37,252,3
9,69,3
49,390,4
63,665,5
72,267,5
79,314,2
58,750,3
72,633,5
13,26,5
24,153,2
49,182,3
84,5,1
48,653,4
78,482,5
17,284,5
57,411,4
32,441,4
61,140,4
90,705,2
27,213,5
7,338,5
73,617,3
95,541,3
65,741,5
13,113,2
57,228,1
73,495,5
17,520,3
38,199,3
60,25,5
87,679,2
49,116,4
72,250,1
76,303,3
69,626,3
89,775,3
90,222,4
47,431,3
33,449,2
99,362,4
97,13,3
36,772,2
34,745,2
40,120,5
85,260,3
74,91,1
53,706,2
8,698,2
8,165,4
74,396,4
23,488,1
8,355,5
57,326,2
93,236,4
35,271,1
56,51,3
67,337,2
89,457,4
93,546,1
71,798,3
20,436,4
13,11,5
6,563,3
4,658,4
7,418,5
23,236,1
75,675,2
42,348,4
9,769,3
18,219,1
78,640,2
45,105,5
78,254,3
25,738,1
5,307,2
87,555,5
89,698,4
11,159,2
100,714,4
65,302,1
64,650,2
82,786,5
77,579,1
53,434,5
30,57,1
28,769,3
63,790,4
87,290,4
9,535,1
42,35,3
8,428,3
59,138,2
32,505,4
98,433,2
18,472,4
10,235,3
73,478,4
16,315,4
84,144,3
47,350,2
8,555,5
96,267,3
38,32,1
81,524,3
90,715,1
31,512,3
94,584,3
81,46,2
28,748,3
41,764,4
30,677,3
17,598,5
20,91,4
34,167,2
29,450,5
37,396,3
24,784,4
87,506,2
67,414,3
25,520,1
55,360,2
93,86,5
99,408,5
19,669,1
20,4,4
84,31,4
90,387,4
88,107,5
89,271,4
57,317,4
83,42,2
92,442,5
97,407,3
66,101,1
88,18,1
17,698,1
30,454,2
53,289,2
1,745,5
71,107,1
60,265,4
75,199,5
41,518,4
94,468,2
47,340,2
21,648,4
39,435,2
33,709,1
87,155,1
62,217,1
68,83,1
88,751,1
73,545,3
47,115,1
78,388,4
48,706,5
80,222,4
98,338,3
76,272,1
2,457,2
76,164,4
36,98,2
74,139,3
33,376,2
13,714,4
42,6,3
57,657,4
59,486,5
55,581,2
26,540,4
98,46,4
61,644,4
61,190,1
1,211,5
54,483,5
30,52,5
87,545,1
16,551,4
7,464,5
27,743,2
88,366,3
44,759,2
68,327,2
44,40,1
1,301,3
20,722,3
33,570,1
33,48,3
52,624,5
14,282,5
49,562,5
89,792,4
58,309,2
26,130,2
54,75,2
87,474,4
27,643,4
83,403,3
57,505,3
71,323,2
71,101,1
79,178,1
32,339,4
30,468,2
31,501,1
70,484,1
35,543,5
86,64,2
44,38,1
22,78,2
98,717,2
8,469,5
60,4,4
32,70,4
44,128,1
91,653,1
8,638,4
72,544,2
58,316,5
46,241,4
14,74,2
2,594,1
96,3,4
5,481,2
83,359,3
72,278,5
18,208,1
1,142,5
81,446,1
79,474,1
27,317,3
3,48,5
37,275,1
53,481,1
61,186,1
75,182,4
20,217,2
89,567,5
84,386,3
67,95,5
77,641,3
13,624,2
71,173,1
20,471,3
75,477,2
14,288,1
67,110,4
20,802,1
70,509,5
63,602,3
93,306,3
95,505,3
90,436,1
65,397,4
9,724,5
13,386,4
67,790,1
95,284,2
6,337,5
77,802,3
49,9,4
83,476,3
96,170,2
88,752,4
48,134,5
4,603,1
43,294,4
41,356,4
52,721,1
98,378,4
18,746,3
80,603,3
6,694,4
93,452,5
46,422,4
49,756,3
40,334,4
57,206,4
56,517,1
82,40,2
23,86,1
39,407,5
100,563,1
60,22,2
90,631,3
73,227,1
45,388,4
60,127,1
52,167,2
39,46,3
53,252,2
6,210,2
59,455,1
96,798,1
40,394,5
6,209,1
78,382,5
98,783,5
12,152,4
76,624,2
79,288,2
17,235,1
11,41,5
53,792,5
9,45,2
79,507,2
40,33,5
58,294,1
78,528,4
87,803,2
70,46,5
32,693,3
92,283,3
60,420,5
86,7,4
62,505,3
50,803,5
23,171,3
65,542,2
56,688,3
100,600,3
6,289,3
100,602,4
33,801,5
27,621,3
2,700,5
76,768,2
76,348,2
82,515,4
56,483,2
11,723,2
53,618,4
5,240,1
28,600,1
75,554,3
86,709,2
73,32,2
53,316,3
90,788,5
85,359,5
40,28,5
41,532,3
72,132,2
36,650,3
49,135,5
96,189,2
16,5,4
7,786,2
82,23,5
85,569,5
60,625,5
19,59,4
73,676,1
89,314,3
63,568,2
7,791,4
3,554,3
68,527,2
87,459,1
19,498,5
54,744,1
62,722,4
81,428,1
77,109,3
5,597,5
26,461,2
1,766,2
6,161,5
50,607,5
22,11,3
58,503,5
75,461,2
23,792,3
82,504,5
26,641,2
52,299,1
80,138,4
99,504,5
17,67,4
18,718,4
20,465,1
56,129,4
93,379,3
79,98,3
69,687,1
52,287,3
34,593,1
31,17,4
6,354,4
82,245,3
98,579,5
65,481,4
42,214,1
35,285,4
87,581,3
46,199,2
67,249,2
94,478,4
16,179,4
47,385,3
20,622,4
89,305,4
21,670,3
25,685,3
49,162,3
54,428,3
48,41,4
66,730,2
37,696,3
65,141,3
72,9,4
27,771,1
52,70,3
68,181,1
31,642,4
82,631,1
51,73,2
95,179,5
81,294,1
86,591,5
16,9,2
32,429,4
99,291,4
71,176,5
7,383,1
63,773,4
9,236,2
7,265,4
90,51,2
84,351,5
55,533,2
93,102,5
23,366,1
50,644,5
68,505,1
39,168,4
32,700,4
95,487,2
22,575,1
6,217,5
71,527,1
2,693,5
35,622,1
14,432,2
81,282,3
23,692,5
27,192,5
91,46,2
97,790,2
14,687,1
9,324,3
9,196,3
43,342,2
16,76,5
65,133,1
52,283,3
66,660,4
30,494,4
85,271,1
85,693,4
80,627,2
53,135,4
69,412,2
87,171,2
40,25,5
35,6,5
14,256,1
76,337,5
52,132,1
63,650,5
71,746,5
6,413,5
1,533,2
95,602,4
31,505,3
45,17,4
23,423,5
16,59,5
49,488,3
49,51,5
66,753,2
3,803,5
67,589,2
75,544,4
43,687,1
16,544,5
36,233,1
1,93,4
59,317,4
73,337,4
12,498,1
7,432,5
8,286,1
77,510,2
89,383,1
94,158,3
16,676,3
16,451,4
15,290,5
64,739,4
11,218,5
21,388,4
81,569,3
65,417,4
64,388,1
71,769,2
25,20,3
93,564,5
57,449,2
14,518,2
30,208,2
88,373,2
100,649,2
5,490,4
80,381,5
25,145,2
87,584,5
50,639,2
9,300,1
63,527,4
67,354,1
78,166,5
42,221,3
44,581,5
41,385,4
14,166,4
6,490,4
91,544,4
55,578,5
37,444,4
93,427,4
3,678,4
11,616,2
16,545,1
90,572,2
35,390,3
46,90,5
87,616,4
38,331,2
76,428,2
84,445,3
6,7,1
31,495,4
59,485,3
26,767,2
94,367,2
16,718,3
50,680,4
56,184,3
41,41,2
73,479,3
6,146,5
30,31,1
37,714,3
16,377,5
6,565,5
60,523,1
59,363,2
91,175,5
10,765,2
43,62,1
18,487,2
80,50,5
94,788,5
39,490,2
23,228,5
90,667,2
100,601,4
90,188,3
14,577,3
67,103,2
31,280,5
55,643,1
71,791,1
39,506,3
29,447,3
80,59,4
30,605,4
29,623,2
95,66,5
89,574,5
93,704,2
2,779,1
43,437,1
26,451,5
64,558,3
15,328,4
59,126,5
49,44,3
44,157,5
82,152,5
76,629,5
36,253,5
3,72,2
5,739,1
48,542,3
36,799,1
79,767,3
40,598,5
71,625,2
77,193,2
59,332,3
7,527,5
22,759,5
96,725,5
72,133,5
85,730,2
60,563,5
43,456,3
15,207,3
93,513,3
30,505,2
22,251,1
43,599,3
63,103,3
56,297,5
71,546,3
88,203,3
5,496,5
31,514,2
57,4,3
36,374,3
63,231,3
13,225,2
51,639,4
66,717,1
47,563,1
17,377,2
8,642,3
3,287,4
85,221,4
37,609,3
49,778,2
31,19,5
1,610,5
6,131,3
23,465,5
8,212,5
16,417,5
47,634,2
66,686,1
16,540,3
86,264,2
64,597,4
35,771,5
86,56,4
6,456,2
27,785,1
34,345,2
48,684,2
53,206,3
87,513,4
28,773,4
26,82,5
48,152,2
15,280,2
93,646,5
31,613,3
74,211,1
9,507,2
39,728,3
20,377,1
65,50,4
32,712,1
75,620,2
9,402,1
13,638,2
92,1,2
90,685,1
54,299,2
2,321,5
70,321,5
16,2,3
92,658,3
68,313,1
87,301,3
83,309,2
93,160,4
65,112,3
37,553,1
86,149,3
67,262,4
27,378,2
37,125,5
66,617,4
31,647,5
3,708,4
55,748,2
69,52,3
14,614,1
64,87,5
63,597,1
87,541,1
61,513,3
97,147,4
27,448,5
23,416,4
38,249,2
78,363,4
91,209,5
27,564,5
16,436,2
40,469,1
34,239,1
35,670,4
72,357,1
3,366,2
63,500,1
85,665,4
57,622,3
22,89,4
76,234,1
31,298,5
24,672,2
76,135,2
15,684,2
77,403,1
89,40,1
43,443,1
58,42,4
75,551,4
89,690,2
69,219,5
39,697,5
96,400,1
58,387,5
63,687,3
1,292,2
83,642,5
86,343,4
62,490,4
3,800,3
33,354,1
61,37,2
96,419,5
93,664,5
35,539,5
67,51,4
59,57,1
33,224,2
76,488,5
66,413,1
24,189,5
18,771,2
79,330,2
8,512,5
77,546,5
90,385,3
20,492,3
17,563,1
84,744,4
86,247,4
84,266,1
56,133,5
40,403,2
9,650,3
4,291,3
4,693,4
29,483,4
98,331,4
71,350,1
52,704,4
3,408,2
44,468,4
91,777,4
3,334,1
86,684,2
36,459,3
48,344,5
57,708,3
36,105,5
42,107,4
40,429,5
48,453,1
66,790,1
52,278,3
78,643,5
90,231,2
61,168,4
9,149,3
78,717,4
72,287,1
88,709,5
43,486,5
98,344,4
8,205,5
73,578,1
53,790,1
21,559,3
47,698,3
73,600,2
30,379,5
86,378,1
48,681,3
4,359,1
20,320,2
87,254,1
76,799,2
91,672,4
26,120,3
49,39,5
74,755,4
33,406,5
34,603,4
53,48,5
72,785,3
45,447,4
81,367,2
72,67,3
93,552,3
15,457,3
81,41,5
96,16,4
51,63,4
7,724,1
56,617,3
67,381,5
7,743,5
26,643,3
26,144,1
50,623,1
77,328,2
99,75,2
72,454,1
81,763,1
55,512,1
34,56,4
18,460,3
48,394,4
92,175,2
62,26,5
75,413,1
55,130,3
94,686,4
82,264,5
67,359,1
23,447,5
81,300,1
15,519,1
42,180,5
69,694,4
40,460,5
40,421,2
64,418,2
94,638,5
52,137,1
99,646,1
94,696,5
47,606,3
79,241,5
95,513,1
84,400,3
1,183,1
64,413,4
35,637,4
18,708,5
93,669,2
79,132,3
27,55,1
81,236,1
72,500,3
60,114,3
13,694,1
22,80,4
96,291,5
73,409,2
16,502,2
26,623,5
99,623,4
84,8,1
7,80,5
5,219,5
31,50,4
68,142,1
37,713,5
80,664,4
22,249,5
42,467,3
78,281,5
20,220,4
6,97,5
34,491,2
86,427,2
52,791,5
77,567,1
37,243,5
82,509,2
59,510,1
59,171,1
53,273,3
40,249,2
9,335,3
3,105,5
38,763,4
35,102,4
63,82,4
71,210,3
80,118,5
2,97,2
99,193,2
97,411,5
87,629,5
16,349,5
48,60,1
22,212,5
21,625,5
53,267,4
69,665,4
73,473,2
43,278,5
43,617,5
55,514,3
78,190,5
23,643,2
49,699,5
68,758,1
96,516,4
90,712,4
7,280,2
95,345,4
1,94,1
41,779,5
87,763,2
18,105,2
93,581,5
61,651,5
21,39,3
75,34,4
50,427,1
8,627,1
24,410,2
17,405,3
49,779,4
64,496,5
59,264,5
24,237,1
9,475,3
42,199,3
91,398,5
40,291,4
78,450,2
87,703,5
52,349,3
40,364,2
54,464,2
56,757,3
51,53,5
12,414,5
19,746,4
91,406,5
50,592,1
69,80,4
85,139,4
36,608,5
39,118,4
67,345,2
12,147,4
59,119,4
85,55,3
57,766,1
80,334,3
72,545,3
76,565,3
30,385,5
1,658,4
99,428,4
37,776,2
79,209,3
73,353,5
30,9,3
38,16,1
18,138,3
2,630,4
69,465,3
58,107,1
59,734,5
99,222,3
77,293,2
98,244,3
68,378,2
31,313,1
14,389,4
1,458,2
4,239,2
70,143,4
73,702,2
74,318,1
7,537,2
88,419,2
27,571,3
66,271,1
5,261,5
57,316,3
54,684,2
15,429,3
30,188,5
87,333,3
33,655,1
33,736,4
3,513,1
60,597,1
15,153,1
10,118,2
2,91,4
76,742,1
2,540,1
78,495,2
43,527,4
62,239,5
13,81,1
45,741,3
61,497,5
54,727,2
7,34,4
83,706,3
75,179,4
65,671,4
91,734,1
22,168,1
53,408,5
98,129,5
18,75,2
21,594,1
46,696,1
33,179,4
39,297,2
33,777,5
84,335,1
57,424,3
88,191,1
78,131,1
22,143,3
10,180,2
97,319,5
36,76,5
12,632,1
39,487,2
58,251,3
41,562,3
34,278,2
79,611,3
12,557,4
50,133,2
54,656,1
54,575,4
51,805,2
81,90,5
18,591,2
64,133,4
37,483,2
50,696,3
98,181,2
48,711,3
14,728,4
50,686,1
8,794,2
55,90,2
31,147,2
86,583,3
51,738,1
41,436,4
88,241,5
72,61,4
5,547,3
73,762,5
78,581,3
90,489,4
43,112,4
78,175,4
68,469,4
54,99,4
91,147,3
15,256,4
39,374,4
22,50,1
20,667,2
29,488,5
76,667,3
36,65,3
55,739,2
5,99,1
95,544,5
78,694,4
85,548,3
29,124,3
30,428,4
15,804,1
81,222,1
72,255,3
92,665,5
35,585,5
85,638,2
67,25,3
95,581,4
14,744,2
12,524,1
13,156,5
28,274,3
98,352,3
15,47,5
14,552,5
37,552,3
53,545,3
63,316,2
4,565,5
19,394,1
47,520,5
100,295,5
74,363,3
24,141,2
74,158,2
45,451,2
87,175,1
54,736,3
72,551,1
73,453,3
14,775,4
62,174,1
100,193,3
86,51,2
15,235,5
100,75,5
89,23,1
60,698,3
62,292,4
28,292,1
61,336,5
85,279,2
66,441,3
94,483,3
90,617,4
21,307,1
65,70,5
38,387,3
61,343,4
15,74,5
21,288,3
79,694,3
71,175,5
51,407,5
90,228,4
20,251,3
21,572,3
68,802,1
100,155,3
22,280,4
29,287,1
74,17,1
49,259,2
58,504,3
52,723,3
94,206,1
28,207,2
15,593,5
5,369,1
33,534,4
90,668,2
56,49,2
16,413,4
55,373,5
84,292,3
82,285,5
48,106,5
57,595,5
83,244,1
45,18,3
35,386,1
79,329,3
79,305,1
70,373,3
86,348,3
32,301,4
82,557,3
7,449,2
49,161,4
69,113,3
50,331,2
61,174,4
28,93,4
23,682,4
31,423,2
3,713,5
37,223,1
1,50,3
4,324,4
92,238,2
38,278,5
87,220,4
67,504,3
69,395,1
80,161,2
34,527,3
43,51,1
44,756,2
95,472,1
83,475,5
98,782,2
8,646,3
85,266,4
79,232,4
22,179,4
45,269,2
15,67,5
30,793,3
54,346,3
4,755,3
29,603,4
38,393,4
2,625,1
17,508,3
23,775,4
5,168,3
73,741,2
16,430,5
91,33,3
69,348,2
93,141,1
52,434,3
68,629,2
39,238,1
40,417,4
75,387,3
28,307,4
49,667,5
24,505,1
5,793,2
48,440,1
44,368,2
96,278,5
34,540,1
39,419,5
88,466,3
15,329,4
91,419,4
63,319,1
56,131,2
92,204,4
45,52,4
37,442,3
89,687,5
32,15,3
7,367,3
1,377,5
3,560,1
25,517,4
60,443,2
15,394,1
70,29,2
10,729,3
81,545,5
85,542,2
22,750,5
37,269,1
81,398,3
10,686,2
93,732,4
100,176,3
85,307,1
88,272,1
33,407,1
36,133,5
28,805,4
89,433,5
73,53,3
21,404,4
7,165,5
61,489,1
25,138,1
66,314,3
12,479,4
76,45,4
37,137,3
87,382,3
69,134,2
42,359,3
4,590,1
8,150,1
24,100,4
97,486,3
43,622,4
53,17,4
30,101,4
98,158,5
56,380,5
27,345,1
82,643,2
39,396,2
42,272,5
46,3,2
4,373,3
96,92,5
15,577,1
84,71,5
32,652,3
82,81,2
44,51,4
27,404,3
24,61,5
48,273,2
87,499,4
55,668,1
62,202,5
45,112,2
56,210,2
91,277,3
50,737,2
1,206,2
24,485,1
97,114,3
54,296,4
47,638,4
84,272,5
71,349,2
22,791,2
99,562,2
83,345,2
77,419,1
32,522,1
68,667,4
76,104,3
75,438,4
98,631,2
36,45,2
33,253,5
94,721,1
26,784,4
59,116,5
71,582,5
11,345,4
71,649,4
80,466,1
30,688,5
37,161,5
85,674,4
62,629,5
41,348,3
32,176,4
56,727,2
21,185,5
71,368,3
100,779,2
80,654,2
55,451,2
18,155,1
14,290,2
67,630,3
31,698,1
17,426,5
34,675,5
9,722,3
4,533,1
80,336,1
41,297,1
3,725,1
2,293,5
77,92,3
19,272,4
8,28,5
15,340,3
92,255,4
23,360,2
50,605,3
21,620,1
32,456,1
51,215,3
77,441,3
2,385,1
19,87,4
19,673,3
52,324,4
93,384,5
73,748,3
99,118,2
78,295,3
81,244,2
39,514,5
84,379,4
50,783,1
63,158,4
76,215,5
29,127,4
61,2,2
72,632,3
84,37,3
63,45,2
9,806,3
28,258,3
70,454,4
74,50,3
48,363,4
32,556,4
1,349,2
8,482,4
25,590,4
10,627,3
34,140,1
27,320,2
72,265,5
49,592,5
68,532,1
62,746,4
22,226,4
61,611,5
81,567,2
36,229,4
22,64,1
12,356,3
9,732,3
79,779,2
48,400,2
14,199,1
90,78,2
76,180,5
98,252,3
13,595,4
22,198,4
23,687,4
88,474,5
37,119,2
92,497,1
85,191,5
83,32,5
20,348,4
79,470,5
53,239,3
73,2,4
22,621,3
22,728,5
6,379,3
97,206,1
74,321,1
36,313,5
27,613,3
58,308,3
78,438,1
48,551,2
12,212,2
73,94,4
5,38,5
74,708,1
56,509,3
97,478,4
17,16,4
9,538,3
16,524,4
59,649,1
66,711,5
30,295,5
22,764,5
29,539,2
9,229,3
32,262,3
19,27,1
40,152,2
64,459,4
59,587,3
67,237,5
39,179,4
20,405,4
61,260,2
6,391,3
32,606,3
2,789,3
18,296,2
84,450,2
42,675,4
31,232,2
44,774,4
24,316,3
16,180,3
64,236,5
24,785,3
54,51,4
45,70,1
52,492,1
63,4,1
77,693,4
96,458,3
12,340,4
25,85,1
45,121,4
13,409,4
6,81,4
56,474,5
57,434,5
79,268,5
8,181,1
83,689,3
40,401,5
5,697,1
9,19,4
89,660,2
31,428,1
52,214,5
7,97,5
26,589,2
95,188,4
70,140,2
17,584,5
13,454,3
85,434,2
83,70,5
78,213,5
86,102,3
62,759,3
9,519,2
23,485,4
99,561,3
30,203,1
28,125,4
73,368,5
54,60,2
11,610,3
31,463,5
32,19,4
16,472,5
31,520,2
8,712,2
59,225,3
63,613,4
74,695,4
13,93,3
36,107,1
24,144,1
59,599,2
10,530,5
3,75,4
81,798,4
59,763,4
93,10,5
41,257,3
65,712,1
59,535,3
44,54,2
43,76,2
30,93,1
27,248,3
88,282,2
88,595,5
35,713,3
64,531,5
52,225,4
25,579,2
68,331,1
68,213,1
3,400,1
87,146,1
17,805,5
64,349,5
96,623,1
82,3,4
65,567,4
57,541,4
88,389,2
6,98,4
25,804,5
66,320,3
92,404,1
83,631,3
70,619,4
93,178,3
76,284,1
22,608,5
63,783,2
65,432,3
29,643,3
76,400,3
86,778,2
54,119,5
58,420,5
93,293,1
87,208,3
9,267,4
71,189,1
14,554,5
42,405,5
70,12,4
33,476,5
21,22,5
100,763,4
79,201,1
56,542,3
52,658,5
55,78,4
83,40,2
4,753,3
97,748,1
48,455,5
75,173,2
87,236,1
18,235,2
7,793,4
59,696,3
61,725,1
56,524,5
45,286,1
88,39,2
57,135,4
11,188,5
14,37,3
65,415,3
65,278,2
15,444,3
51,400,3
63,375,2
5,583,2
16,270,1
98,211,4
82,329,2
25,721,4
40,682,5
90,551,1
62,436,3
66,767,2
34,752,5
41,797,1
22,706,5
82,387,3
59,39,5
71,1,3
30,736,1
86,330,5
63,421,3
77,219,4
41,502,2
8,69,1
36,299,2
77,135,4
18,43,3
42,274,4
22,237,5
72,745,5
97,413,3
55,108,1
4,203,4
8,603,4
28,298,4
99,254,2
63,706,3
81,275,4
55,623,2
78,741,1
82,710,2
54,426,2
24,666,1
96,476,4
19,548,1
73,482,5
51,17,4
23,130,2
95,382,1
97,299,3
31,379,5
28,535,3
34,560,4
45,735,2
8,783,4
5,457,5
11,447,4
86,37,4
42,464,3
23,455,2
91,661,5
13,211,2
27,77,2
90,304,4
67,779,5
8,450,3
77,18,4
22,469,1
43,203,2
63,420,3
93,57,4
9,248,3
80,551,5
95,244,1
74,108,2
77,145,2
34,212,3
84,600,3
85,605,5
9,288,5
56,502,2
52,284,2
79,335,3
78,395,1
46,33,2
31,231,4
16,257,3
28,291,5
67,699,5
90,250,4
61,3,5
15,737,2
69,357,1
70,519,2
8,720,5
23,262,2
3,228,2
84,550,5
73,750,1
12,116,3
63,721,1
82,333,1
60,72,4
18,430,2
86,255,4
6,579,3
92,589,3
5,400,1
75,296,5
38,309,1
14,480,3
67,615,1
2,507,5
59,663,3
2,584,2
51,592,3
99,318,3
24,5,4
68,615,2
5,345,5
57,132,2
1,6,4
35,724,4
41,740,4
8,623,3
42,750,1
70,130,5
66,125,1
80,758,3
83,585,4
63,755,1
9,302,1
83,654,4
68,413,4
75,244,3
98,412,2
19,500,4
15,208,1
76,155,5
18,252,2
46,398,5
27,804,4
23,719,5
8,790,3
18,93,3
2,647,2
96,514,4
45,216,3
100,40,2
98,633,3
56,319,4
72,787,4
1,97,4
32,449,3
13,437,2
26,320,4
63,193,3
1,742,5
15,669,5
41,773,2
46,600,2
79,308,1
100,512,2
11,265,3
39,656,2
89,25,1
83,443,4
12,304,2
89,529,4
18,715,1
74,522,4
88,379,5
61,751,1
99,176,3
8,316,4
6,92,1
85,769,3
41,443,1
3,699,2
71,42,5
23,622,4
28,122,1
7,700,3
54,243,4
38,516,3
52,654,3
3,331,2
51,374,4
90,214,2
38,491,3
54,287,5
79,735,3
18,186,3
91,177,3
61,780,2
67,531,2
16,60,2
3,543,5
74,487,5
51,86,3
49,30,5
32,735,4
82,798,3
60,288,3
39,323,5
68,665,1
78,305,4
18,564,3
100,734,2
21,323,2
91,618,1
11,611,5
31,734,3
40,84,5
99,355,3
41,311,3
21,377,5
10,373,2
55,68,4
99,296,5
28,394,2
30,299,4
3,767,5
64,329,5
18,395,3
19,303,1
62,195,2
66,614,1
16,734,2
13,51,3
88,313,3
2,27,5
16,253,4
59,470,2
86,380,2
31,441,3
3,304,5
39,362,2
45,380,2
31,213,1
42,661,2
53,230,3
9,148,3
11,737,3
8,617,1
7,58,5
26,398,5
80,364,3
80,422,5
73,661,3
22,102,3
19,314,1
25,383,4
31,269,3
66,93,5
83,699,2
16,448,4
60,672,2
8,30,3
52,445,5
55,657,3
56,656,1
17,458,5
77,532,1
19,349,1
52,181,4
82,582,2
76,573,3
10,85,4
56,533,2
41,168,3
13,488,3
93,594,3
1,647,2
34,679,1
94,599,4
85,193,2
79,791,4
68,542,4
80,398,1
48,439,2
10,44,5
66,638,5
72,800,5
94,346,3
95,255,1
17,64,3
25,572,1
61,424,2
10,561,5
66,642,5
29,500,3
19,295,4
50,188,2
48,425,2
2,357,5
44,50,1
32,577,5
75,338,3
78,666,1
50,317,4
94,301,3
91,185,5
15,169,4
97,487,1
47,602,5
57,490,4
44,11,1
55,622,3
78,146,5
42,67,4
47,529,3
11,470,4
88,254,2
22,286,5
8,99,1
64,789,5
40,622,1
35,709,2
6,365,5
42,312,2
95,752,4
52,112,1
74,486,5
2,184,2
43,307,1
45,559,4
35,435,3
64,42,5
43,691,5
22,259,3
70,24,5
86,519,2
82,677,4
86,166,5
82,467,5
74,113,2
47,187,3
27,365,1
34,111,1
58,463,5
44,48,4
65,508,4
10,176,3
35,270,1
83,790,5
20,538,5
33,362,1
20,275,2
6,652,1
6,676,1
57,761,4
29,357,5
66,221,5
91,115,1
42,562,5
91,184,5
85,655,5
63,190,5
39,459,1
62,204,4
76,185,4
66,17,4
13,296,5
62,215,1
72,122,4
4,650,4
37,337,4
99,644,4
46,595,5
45,107,5
51,273,5
48,58,5
89,26,2
15,300,3
71,72,5
72,466,3
99,730,4
18,223,5
72,691,2
80,380,1
1,690,2
75,37,4
97,237,5
35,405,1
31,173,1
32,275,5
50,354,5
81,755,4
3,285,2
39,736,5
51,474,5
94,250,4
29,18,4
86,609,2
89,415,3
54,612,4
65,555,3
6,302,1
82,201,2
50,673,2
89,44,1
68,518,2
10,327,5
75,276,1
55,745,5
27,538,2
29,729,3
96,674,2
93,214,3
66,423,5
38,424,4
33,47,4
77,527,2
66,591,1
58,710,5
99,249,4
47,492,3
64,579,1
44,415,2
77,32,3
33,532,2
49,42,4
30,437,4
77,805,2
61,112,3
85,774,4
32,143,5
11,679,2
25,372,2
87,796,2
83,519,4
52,387,5
53,412,1
5,472,4
96,90,1
82,380,4
51,109,5
84,347,4
34,782,1
15,344,4
22,603,3
62,770,5
42,781,3
91,467,5
7,658,4
16,295,1
41,634,3
7,475,5
26,731,1
100,615,1
14,308,2
17,260,5
9,203,2
14,373,5
14,144,3
30,48,4
7,324,5
79,708,5
53,392,1
68,375,2
2,556,5
62,628,2
29,160,4
82,527,3
44,761,1
93,255,5
47,394,2
45,636,3
100,99,2
40,668,2
83,136,3
69,563,1
79,696,3
78,349,2
98,441,1
52,121,5
4,87,1
3,183,3
98,381,4
42,91,4
75,682,2
89,651,5
99,256,4
98,361,3
85,377,3
64,309,2
28,683,1
21,798,3
60,322,2
56,390,4
75,217,4
3,746,3
64,414,1
86,232,1
54,543,4
67,182,4
98,519,5
35,208,3
63,302,4
13,77,2
66,363,4
8,206,2
44,569,4
47,346,2
65,486,5
72,2,4
38,201,4
34,70,4
92,576,2
22,542,5
42,767,2
14,802,3
11,162,2
2,548,4
6,479,4
41,668,3
59,100,5
16,686,3
49,691,5
48,148,1
43,132,5
52,622,2
21,746,5
97,335,1
74,805,4
54,146,1
83,613,3
53,718,1
18,573,1
23,107,5
47,352,4
99,285,4
43,767,3
63,592,5
37,585,5
70,190,4
66,110,3
43,477,4
65,36,3
97,688,1
77,246,3
36,272,3
14,11,1
78,510,4
41,676,3
96,452,3
12,616,2
6,745,4
67,530,3
4,29,2
27,110,1
30,636,3
56,336,3
27,776,5
1,121,4
75,613,5
55,277,5
90,3,1
65,775,5
54,298,3
63,798,2
72,651,5
86,173,2
89,758,4
38,276,4
45,479,3
54,787,2
99,412,4
23,592,4
19,601,3
10,661,3
76,47,2
1,773,4
9,161,2
100,250,1
99,202,4
29,735,3
80,327,4
83,515,4
40,581,5
95,625,4
73,79,5
70,679,3
61,475,2
69,109,3
54,133,5
27,13,3
71,37,4
84,348,5
92,374,1
59,534,5
71,628,5
72,462,4
47,242,4
27,585,4
62,227,5
7,615,1
68,333,5
97,459,5
70,111,5
55,636,4
12,177,1
57,703,3
51,451,1
65,680,2
50,344,4
12,286,2
90,380,1
79,328,2
24,670,3
48,793,1
14,367,5
96,743,1
1,537,3
37,798,4
23,54,4
12,515,5
31,511,3
40,146,4
64,280,3
57,697,4
6,630,3
81,466,5
56,635,3
46,587,3
30,412,1
65,394,4
35,195,4
60,519,2
62,85,1
33,7,2
14,645,1
14,485,5
50,345,5
28,617,5
88,319,1
74,785,1
43,749,1
91,272,5
83,96,3
36,791,2
89,530,2
75,584,4
77,87,4
87,47,5
74,289,2
96,208,4
26,693,1
31,515,3
1,492,2
44,262,4
16,714,5
7,197,5
80,367,1
9,277,4
83,232,5
83,528,2
23,282,5
28,42,4
11,257,3
59,243,4
35,484,1
84,568,4
93,499,2
37,794,4
92,465,2
94,655,5
80,577,2
4,128,1
2,251,1
52,486,5
50,598,3
60,661,3
8,144,3
91,255,5
79,677,1
76,577,1
86,335,1
16,425,4
61,735,5
47,409,3
9,550,5
44,111,1
91,519,1
44,501,4
11,270,2
74,553,4
8,105,2
72,528,4
66,689,1
61,765,2
61,775,2
71,428,1
15,480,3
57,72,1
62,235,4
55,412,3
33,601,2
30,642,1
20,704,5
27,711,5
93,655,5
1,163,2
69,247,1
33,136,4
48,459,2
34,344,5
82,343,2
95,411,3
47,363,5
32,4,4
45,210,5
76,3,2
57,583,5
13,722,5
14,668,2
34,247,4
64,592,3
89,7,1
42,614,3
42,144,1
21,645,5
72,210,3
13,45,4
49,568,5
18,262,3
78,549,2
89,451,4
52,405,3
37,438,2
78,473,1
62,539,1
41,221,2
76,114,5
28,437,4
27,482,2
46,168,2
73,462,3
85,480,3
52,340,4
92,727,1
8,423,1
26,656,2
31,387,2
12,796,4
47,59,4
16,398,3
2,676,4
13,767,2
19,326,4
15,423,4
79,261,5
21,101,1
47,155,1
36,204,2
91,338,2
2,207,2
68,470,2
78,428,3
75,18,3
18,667,1
54,461,5
86,785,4
42,297,5
29,205,4
37,699,5
76,193,5
91,340,1
42,41,3
70,142,5
88,597,3
61,747,4
64,378,4
14,23,4
24,284,1
23,125,3
9,662,3
53,530,1
26,76,5
21,444,1
24,797,2
92,577,3
54,236,1
36,104,2
98,540,3
87,660,4
13,348,4
14,370,2
35,439,3
23,796,2
79,621,3
97,441,3
28,680,5
27,64,4
4,641,1
78,566,2
59,626,2
31,179,5
2,618,5
3,616,4
8,740,4
67,23,2
89,754,5
79,555,1
59,714,3
91,140,5
86,381,2
80,426,1
100,500,3
38,373,2
67,661,3
89,279,4
44,116,3
65,106,2
88,330,5
7,753,3
56,398,3
40,772,5
92,266,3
38,761,3
71,364,3
13,436,5
88,370,2
46,688,1
92,492,1
95,150,2
14,773,1
37,308,5
93,740,4
7,210,5
77,264,2
41,636,4
63,673,3
59,664,5
7,438,5
22,563,2
60,608,4
30,800,1
83,209,5
31,27,2
5,313,2
48,169,3
13,782,5
26,700,2
54,422,5
73,43,4
41,503,3
8,758,1
62,41,4
49,637,2
31,12,5
72,600,1
12,394,4
34,592,5
21,34,2
75,140,5
70,692,3
100,197,4
10,27,1
58,413,3
25,104,3
58,647,1
2,313,1
59,756,2
31,193,5
36,602,2
69,501,1
10,723,2
32,645,5
100,229,5
87,677,3
44,117,1
48,382,2
52,296,2
71,694,2
41,435,1
20,641,2
22,417,1
3,579,1
96,145,1
70,482,1
3,641,2
93,442,5
27,593,2
48,612,4
45,624,4
40,282,5
3,312,4
49,406,3
46,2,2
99,540,5
95,725,4
99,171,1
5,75,3
87,227,4
17,320,4
69,531,4
84,288,4
40,580,5
66,386,5
96,604,4
60,710,5
50,197,1
17,711,3
36,267,4
56,414,3
17,499,1
89,757,1
10,101,5
7,39,3
54,297,1
64,427,4
55,217,4
17,291,5
31,59,1
61,422,4
99,621,2
42,498,2
32,617,4
50,171,4
14,464,2
59,152,2
78,446,3
77,596,3
3,531,4
78,637,5
46,384,2
28,264,4
83,441,4
55,62,3
13,779,3
72,587,2
49,245,1
28,257,4
31,489,1
64,356,2
25,670,1
43,596,1
8,550,2
53,540,1
25,479,4
66,69,4
90,277,2
46,295,2
82,770,2
47,495,4
60,345,1
35,742,3
78,150,2
21,429,4
47,76,2
21,337,3
99,409,3
56,755,2
25,265,4
95,75,3
43,53,5
3,524,5
31,581,1
21,759,1
5,190,4
98,588,4
1,123,5
67,115,1
73,414,4
78,744,4
25,159,2
21,540,2
33,132,4
35,493,2
26,677,2
78,500,4
20,279,1
65,453,4
53,543,3
72,138,3
63,442,4
60,236,4
37,654,4
49,325,2
81,49,1
67,8,1
70,184,3
26,564,1
8,9,3
45,27,4
69,279,2
3,405,2
35,732,3
96,112,3
10,790,2
11,598,1
9,762,4
15,565,3
46,17,1
85,257,5
24,803,2
21,329,3
19,90,3
78,226,1
9,500,1
99,659,5
99,74,1
71,335,1
6,642,3
11,178,2
59,527,1
70,730,1
30,752,4
58,322,2
57,259,5
10,188,1
19,331,4
45,473,4
51,267,2
72,276,3
62,32,5
16,494,1
6,340,1
44,567,5
99,798,3
79,279,2
55,304,2
83,448,1
24,255,3
83,605,3
12,370,2
36,284,2
39,468,1
42,726,4
65,507,3
4,308,4
75,485,3
51,49,4
15,760,3
88,793,3
46,173,2
7,535,4
22,190,2
49,289,5
22,634,5
13,353,5
97,614,2
22,412,5
50,749,1
43,106,3
25,728,5
50,263,5
76,402,4
56,116,1
49,630,2
75,512,2
45,455,2
65,102,1
34,790,1
74,720,3
30,443,3
64,8,4
24,712,4
84,528,5
58,664,2
89,184,5
40,491,2
36,797,3
4,672,1
27,73,3
18,603,3
33,524,3
91,392,2
49,750,5
29,73,1
19,63,2
77,800,4
55,427,5
43,549,5
57,637,5
28,675,4
19,347,5
75,448,1
41,279,1
7,156,1
31,355,5
59,453,1
28,601,5
75,788,2
76,687,5
24,260,5
96,64,2
62,579,3
41,418,4
68,24,4
15,281,2
82,383,5
34,388,3
68,380,4
55,624,4
36,125,5
7,157,4
22,136,5
78,89,2
76,43,1
88,246,2
9,258,2
61,490,4
78,791,4
48,75,1
70,735,1
16,704,2
50,700,5
28,426,4
4,538,3
21,220,2
40,538,2
41,716,4
39,149,3
5,243,5
88,329,2
32,66,4
37,33,5
78,142,1
75,176,1
4,514,3
24,225,1
92,538,3
9,180,5
16,543,2
68,710,5
89,561,3
90,599,2
36,773,5
48,603,3
11,575,2
98,137,1
75,344,2
10,51,3
20,779,2
94,276,1
4,708,2
91,438,4
66,292,5
17,324,5
12,536,5
86,82,2
85,444,5
7,479,5
79,25,4
42,766,4
23,343,2
6,66,4
36,548,2
62,765,1
94,88,1
74,718,5
91,371,2
84,313,4
59,650,2
38,597,4
84,416,3
40,180,4
55,794,1
71,40,2
76,292,2
80,477,1
26,692,1
58,782,2
45,257,1
7,577,3
20,196,1
62,523,5
58,224,3
4,557,2
5,651,1
54,334,3
22,252,3
3,506,2
44,317,2
92,703,1
13,771,2
6,169,1
14,261,1
87,747,3
32,239,5
91,707,4
47,371,2
76,36,4
45,670,4
100,148,5
29,692,3
28,724,2
99,515,5
91,157,2
46,69,2
65,217,2
24,637,3
80,245,1
60,51,5
74,126,3
57,429,1
1,575,1
32,720,3
46,13,4
92,391,3
24,121,1
60,211,5
55,751,4
26,805,5
77,58,1
61,721,1
59,241,5
75,696,5
85,615,4
36,792,3
32,247,5
61,169,4
82,587,4
81,81,5
14,787,2
48,474,4
85,710,5
75,800,5
33,306,5
23,433,1
69,542,1
34,433,3
9,239,1
48,80,4
52,519,2
29,451,5
19,269,2
3,323,1
28,514,5
76,397,1
9,68,5
19,524,5
14,558,5
15,383,2
63,696,2
4,18,5
13,490,2
92,578,5
95,459,2
79,630,3
24,461,2
79,249,1
54,271,1
15,183,2
11,501,5
32,783,4
15,46,1
18,662,3
71,644,3
49,621,4
84,402,3
67,222,1
97,491,5
47,531,4
95,399,3
48,306,4
6,223,3
88,243,4
35,634,2
96,247,2
78,332,1
19,417,1
55,588,4
99,438,3
66,616,4
41,483,5
89,600,3
58,736,3
88,494,3
68,609,2
87,593,5
31,661,1
98,678,4
21,802,1
44,60,3
68,730,1
45,432,5
75,321,3
27,229,5
75,407,3
69,376,3
79,446,5
89,117,3
51,590,1
93,424,5
60,593,3
37,744,1
37,2,2
23,469,1
25,239,4
76,740,2
60,370,3
6,437,2
25,430,4
35,412,3
10,479,3
92,115,5
65,398,4
30,792,2
10,358,3
84,274,2
46,434,1
2,146,3
6,503,2
65,246,4
71,7,2
77,356,1
45,350,2
11,422,4
40,612,5
90,417,5
31,574,5
65,409,1
1,639,1
45,179,5
18,329,4
41,10,2
65,605,4
47,231,1
42,744,5
8,658,1
80,708,2
71,28,1
28,693,4
99,783,3
64,192,1
54,59,5
10,320,3
68,764,2
14,394,1
89,547,1
3,467,2
74,614,2
30,703,3
68,789,5
30,275,2
22,265,4
32,401,1
25,679,3
86,541,3
29,102,2
79,95,3
53,91,2
100,605,3
91,298,1
32,795,1
70,194,3
87,36,4
4,793,5
2,352,1
55,614,4
34,60,2
43,309,1
14,770,3
63,7,2
78,122,5
93,482,5
30,498,5
45,715,5
78,398,5
62,489,4
52,530,3
12,643,1
76,693,2
76,350,1
17,392,1
75,530,5
89,555,2
61,675,2
5,719,5
16,294,2
89,656,2
4,346,3
74,188,3
58,139,2
87,128,2
48,49,5
35,129,2
55,786,5
94,73,4
28,441,1
100,109,3
36,309,5
87,544,2
72,233,1
88,83,2
82,341,4
29,739,5
24,433,1
13,251,1
37,265,4
66,784,5
88,505,2
76,160,1
100,71,1
79,231,5
30,431,3
51,748,4
88,652,4
53,139,4
9,109,3
42,168,1
38,654,1
10,269,1
41,342,3
22,126,5
19,449,1
31,348,2
73,657,1
79,264,4
79,191,3
41,69,1
58,264,5
68,387,5
51,654,4
79,518,3
95,88,4
97,666,5
14,499,3
50,228,1
42,216,2
30,114,3
19,792,1
96,447,1
76,5,5
99,275,2
86,271,1
24,538,4
33,468,1
71,532,5
7,359,4
53,109,2
8,80,3
80,280,2
99,441,2
74,49,3
19,276,4
23,347,2
51,495,3
44,143,4
94,42,2
47,512,5
39,495,2
79,566,1
14,579,1
44,555,1
71,489,5
11,508,3
60,554,4
71,665,1
29,338,1
41,369,5
68,443,2
10,797,3
2,422,5
9,156,3
14,105,4
55,477,4
3,591,2
29,157,2
8,798,1
7,677,1
20,238,5
74,643,4
42,577,1
35,595,3
97,468,5
4,34,4
60,727,5
52,474,4
11,671,1
60,544,3
9,210,2
67,673,2
93,378,5
42,688,3
80,429,3
6,118,4
56,456,2
20,288,5
54,137,5
1,753,4
94,694,3
38,55,2
13,181,1
62,281,5
86,66,3
14,264,2
44,363,4
71,735,5
91,317,2
46,411,5
23,349,3
11,449,3
79,429,5
12,700,4
8,358,2
48,667,5
14,425,1
31,164,3
65,654,4
22,318,2
60,784,5
19,363,4
52,659,4
38,665,2
77,477,1
92,434,2
65,92,2
4,537,3
49,455,4
30,330,2
90,276,2
38,602,4
9,207,4
56,569,1
78,128,2
50,763,3
15,36,1
33,93,4
41,222,2
94,364,3
97,224,4
10,300,5
83,567,2
94,428,4
10,266,5
27,725,3
39,340,3
47,211,3
100,766,2
17,571,2
78,738,4
25,370,1
39,305,3
30,732,1
24,267,5
9,290,2
96,334,4
43,647,3
98,435,3
36,214,4
46,530,1
99,445,2
58,495,3
72,487,5
100,467,5
52,202,1
42,453,4
39,295,4
69,400,4
96,436,5
56,758,2
40,308,4
35,225,5
37,543,4
89,34,2
30,370,5
66,190,5
81,775,5
4,38,1
19,354,3
87,525,4
100,1,5
45,91,1
80,749,4
11,451,1
20,534,2
56,503,3
47,678,5
96,792,5
79,140,2
77,149,2
9,216,2
65,346,5
95,41,4
21,521,3
27,183,1
33,745,3
15,543,4
41,73,3
54,546,5
20,374,2
22,23,2
28,293,1
78,801,1
96,350,3
57,293,1
29,715,1
75,165,5
93,775,4
59,482,1
17,419,3
78,177,1
84,281,1
23,680,4
54,772,4
31,112,3
8,804,4
96,474,3
66,339,5
64,661,4
31,178,2
46,766,4
75,679,5
2,554,4
5,542,5
5,687,5
18,712,5
92,13,1
81,683,5
26,200,4
15,749,4
64,517,1
34,670,5
95,561,5
49,7,5
51,326,4
22,804,3
45,88,1
31,678,3
5,649,5
96,483,2
20,120,2
33,380,3
73,531,3
13,669,4
45,413,3
86,175,1
98,757,1
98,302,3
83,629,2
12,8,1
53,162,4
12,112,4
77,197,5
95,62,2
87,418,1
45,575,4
65,24,2
37,342,1
82,188,4
54,440,4
40,468,2
77,519,4
6,555,2
73,358,1
25,305,4
91,725,3
91,287,2
75,709,3
69,429,5
10,524,2
33,587,4
41,504,4
22,497,3
38,14,3
56,429,1
56,512,1
47,273,3
99,71,4
64,695,3
41,284,5
41,449,2
67,369,2
23,9,4
99,185,1
82,463,3
39,199,5
40,440,1
51,602,5
15,69,2
84,143,4
34,549,5
67,510,1
30,709,3
74,800,2
76,87,2
79,247,4
41,149,4
58,562,3
2,165,2
57,627,5
42,443,3
78,490,4
53,7,1
31,310,5
87,229,2
33,335,5
83,611,2
64,611,2
29,780,1
48,645,2
16,320,4
14,284,4
33,589,4
74,552,3
68,14,1
99,333,5
42,84,1
19,99,2
51,518,5
64,284,3
72,436,1
17,152,3
69,50,1
95,762,3
78,383,5
74,257,3
66,662,4
47,782,4
94,730,5
93,258,5
84,324,5
51,372,4
83,392,4
10,521,4
59,614,4
62,151,2
50,539,3
9,578,3
65,360,3
88,749,4
88,112,1
99,84,3
87,165,1
59,7,5
90,495,2
14,357,3
33,389,4
30,62,1
12,679,2
16,273,2
67,58,1
76,121,1
17,150,2
18,403,5
43,760,4
